coeficiente,coluna,valor,erro_padrao
c_{0},"Contraste
na densidade",-5.095345177777789,0.25784605149835693
c_{0},"Contraste
na velocidade",-3.5368632234615807,0.2862689292916326
c_{0},"Contraste
misto",-4.117083535453357,0.28975584321211256
c_{1},"Contraste
na densidade",-2.071119179924473,0.1073178753940995
c_{1},"Contraste
na velocidade",-1.4722161554416646,0.15730481223817325
c_{1},"Contraste
misto",-1.7442894350383038,0.14682078869558568
c_{2},"Contraste
na densidade",-0.23727942355707993,0.06502252056587582
c_{2},"Contraste
na velocidade",-1.163130944690804,0.1170076991337642
c_{2},"Contraste
misto",-0.8343452623713533,0.08388054058937802
c_{3},"Contraste
na densidade",5.124518164501582,0.5607778092282504
c_{3},"Contraste
na velocidade",4.246050955653441,0.7657652990181187
c_{3},"Contraste
misto",4.070163490573348,0.7062080562030498
c_{4},"Contraste
na densidade",0.03894744671715755,0.010602979584334957
c_{4},"Contraste
na velocidade",0.16942161355010366,0.03681562983185081
c_{4},"Contraste
misto",0.13496032949515788,0.022478676820211436
c_{5},"Contraste
na densidade",-0.4395745635202911,0.024273866483203267
c_{5},"Contraste
na velocidade",-0.2154035917812324,0.048171145254856135
c_{5},"Contraste
misto",-0.32489383196096383,0.04276188719130419
c_{6},"Contraste
na densidade",0.6489470953773018,0.09194073223746436
c_{6},"Contraste
na velocidade",-0.06061917745349954,0.20105252425417428
c_{6},"Contraste
misto",0.36977977322166977,0.16154645419714062
c_{7},"Contraste
na densidade",0.5182772547489628,0.02399202760297126
c_{7},"Contraste
na velocidade",0.27770160648626224,0.02640666410049731
c_{7},"Contraste
misto",0.30378993221575484,0.020843881090989554
c_{8},"Contraste
na densidade",0.25099040035644327,0.07571385277574455
c_{8},"Contraste
na velocidade",-0.35819629710273154,0.14984381335142924
c_{8},"Contraste
misto",-0.13667420972019145,0.10107922458458182
c_{9},"Contraste
na densidade",-2.063147445341049,0.3454602723400866
c_{9},"Contraste
na velocidade",-1.7796516008395715,0.49822538130686456
c_{9},"Contraste
misto",-1.679595301959711,0.4475150393811164
